rank,username,display_name,rating,rating_deviation,volatility,accuracy,total_predictions,correct_predictions,weight,last_prediction
1,CryptoCred,Cred,1757.5,108.5,0.06,84.6,13,11,0.5227,2026-01-17 11:48:25.098218
2,100trillionUSD,PlanB,1684.5,112.5,0.06,75.0,12,9,0.4645,2026-01-07 22:16:14.025411
3,inversebrah,inversebrah,1599.7,117.0,0.06,63.6,11,7,0.3993,2026-01-04 19:44:06.567012
4,CryptoCapo_,Crypto Capo,1528.6,108.5,0.06,53.8,13,7,0.3647,2026-01-14 00:10:37.859234
5,CryptoKaleo,Kaleo,1500.0,93.5,0.06,50.0,18,9,0.3665,2026-01-01 07:46:28.682850
6,ColdBloodShill,ColdBloodShill,1446.5,104.9,0.06,42.9,14,6,0.3126,2025-12-28 20:40:44.895502
7,AltcoinPsycho,Altcoin Psycho,1423.0,89.0,0.06,40.0,20,8,0.3155,2026-01-08 07:34:55.883110
8,CryptoWizardd,Crypto Wizard,1371.3,87.0,0.06,33.3,21,7,0.279,2025-12-23 04:12:15.788774
9,CryptoGodJohn,Crypto God John,1355.4,122.0,0.06,30.0,10,3,0.2315,2026-01-14 18:15:28.275244
10,TheCryptoDog,The Crypto Dog,1330.1,93.5,0.06,27.8,18,5,0.242,2026-01-01 17:34:27.939098
