id,creator,asset,direction,confidence,posted_at,outcome,price_at_signal,price_at_evaluation,price_change_percent,post_text
155,CryptoKaleo,BTC,long,0.75,2026-01-21 06:38:19.661289,pending,88000.0,,,Test signal: long BTC
152,100trillionUSD,BTC,long,0.9,2026-01-21 03:20:07.147207,pending,88000.0,,,Test signal: long BTC
158,inversebrah,ETH,long,0.7,2026-01-21 03:13:57.829328,pending,2900.0,,,Test signal: long ETH
151,CryptoCred,BTC,long,0.95,2026-01-21 03:13:36.223785,pending,88000.0,,,Test signal: long BTC
154,CryptoCapo_,BTC,short,0.8,2026-01-20 21:37:20.182329,pending,88000.0,,,Test signal: short BTC
153,inversebrah,BTC,long,0.85,2026-01-20 20:51:23.956839,pending,88000.0,,,Test signal: long BTC
156,CryptoCred,ETH,long,0.85,2026-01-20 20:43:15.507092,pending,2900.0,,,Test signal: long ETH
157,100trillionUSD,ETH,short,0.8,2026-01-20 20:33:37.387571,pending,2900.0,,,Test signal: short ETH
62,TheCryptoDog,ETH,long,0.71,2026-01-20 11:08:23.594419,incorrect,3048.032479102358,2948.990272002709,-3.25,Mock historical signal: long ETH
63,TheCryptoDog,BTC,short,0.934,2026-01-20 07:44:49.025544,incorrect,89911.20559346724,92756.23091475373,3.16,Mock historical signal: short BTC
10,CryptoGodJohn,ETH,short,0.963,2026-01-20 05:47:07.224757,incorrect,3359.5332471472784,3441.7329345738904,2.45,Mock historical signal: short ETH
140,CryptoKaleo,ETH,short,0.75,2026-01-20 03:55:12.397662,correct,2672.09123100106,2623.231042283729,-1.83,Mock historical signal: short ETH
1,ColdBloodShill,BTC,short,0.818,2026-01-20 03:25:11.432047,correct,84177.42830356321,81259.0116215595,-3.47,Mock historical signal: short BTC
78,100trillionUSD,ETH,long,0.87,2026-01-19 23:29:54.687816,correct,3435.7493961885,3599.641778298138,4.77,Mock historical signal: long ETH
120,CryptoKaleo,ETH,short,0.884,2026-01-19 21:48:41.526701,incorrect,3105.2319468988103,3136.0610857705065,0.99,Mock historical signal: short ETH
59,CryptoWizardd,ETH,long,0.901,2026-01-19 14:34:43.650276,incorrect,2814.667567628488,2675.5099382244844,-4.94,Mock historical signal: long ETH
32,AltcoinPsycho,ETH,long,0.829,2026-01-18 23:20:56.677131,correct,2812.8806672258665,2947.233591896344,4.78,Mock historical signal: long ETH
21,ColdBloodShill,ETH,long,0.896,2026-01-18 16:45:04.423311,incorrect,2879.88650033479,2750.7126863106014,-4.49,Mock historical signal: long ETH
123,ColdBloodShill,BTC,long,0.947,2026-01-18 09:46:52.901504,incorrect,80124.39406943994,77235.460669412,-3.61,Mock historical signal: long BTC
47,CryptoCred,BTC,long,0.735,2026-01-18 07:20:15.323410,correct,88574.59974663689,90840.41273366491,2.56,Mock historical signal: long BTC
67,CryptoCapo_,ETH,short,0.936,2026-01-18 03:09:28.226280,incorrect,2944.529967366701,2964.3462948717565,0.67,Mock historical signal: short ETH
122,CryptoCapo_,BTC,short,0.774,2026-01-18 01:43:20.819975,correct,86360.67658658043,82903.35810484295,-4.0,Mock historical signal: short BTC
103,AltcoinPsycho,ETH,short,0.79,2026-01-17 17:24:38.894196,incorrect,2854.030738895966,2916.5836905815922,2.19,Mock historical signal: short ETH
42,inversebrah,ETH,short,0.973,2026-01-17 14:49:51.858817,incorrect,3000.1555352895866,3123.6404108897527,4.12,Mock historical signal: short ETH
136,CryptoCred,BTC,short,0.792,2026-01-17 11:48:25.098218,correct,87020.72260478427,84171.07121955737,-3.27,Mock historical signal: short BTC
112,ColdBloodShill,BTC,long,0.908,2026-01-16 21:31:21.894785,incorrect,87183.93087024926,82990.7401605779,-4.81,Mock historical signal: long BTC
28,AltcoinPsycho,BTC,long,0.99,2026-01-16 17:17:31.756414,correct,85273.51523263783,88965.18766920091,4.33,Mock historical signal: long BTC
68,inversebrah,ETH,short,0.904,2026-01-16 12:53:20.518875,incorrect,2954.6487531478933,3093.185290057457,4.69,Mock historical signal: short ETH
74,AltcoinPsycho,BTC,short,0.877,2026-01-16 09:52:30.876980,incorrect,81975.34327487205,85163.4851147127,3.89,Mock historical signal: short BTC
19,CryptoGodJohn,BTC,short,0.898,2026-01-16 08:43:14.052300,incorrect,88371.31374680756,90006.59571152105,1.85,Mock historical signal: short BTC
11,100trillionUSD,ETH,long,0.865,2026-01-15 20:14:24.101854,incorrect,2502.3155139061078,2481.674974261801,-0.82,Mock historical signal: long ETH
53,AltcoinPsycho,ETH,short,0.788,2026-01-15 15:26:32.685177,correct,2623.730226206457,2520.6873683824683,-3.93,Mock historical signal: short ETH
129,CryptoCred,ETH,long,0.941,2026-01-15 13:17:43.726527,incorrect,3209.951167147901,3140.4681526229856,-2.16,Mock historical signal: long ETH
52,CryptoKaleo,BTC,short,0.988,2026-01-15 12:36:35.344559,correct,80701.65233298985,79841.2212806921,-1.07,Mock historical signal: short BTC
93,CryptoWizardd,ETH,long,0.738,2026-01-15 12:32:46.374990,incorrect,3469.365694729637,3370.5550402627973,-2.85,Mock historical signal: long ETH
41,CryptoKaleo,BTC,short,0.733,2026-01-15 09:10:32.437706,correct,89468.28186488175,88932.45158373468,-0.6,Mock historical signal: short BTC
31,CryptoGodJohn,BTC,long,0.781,2026-01-15 07:24:01.396478,correct,85428.9412277311,87666.59700721383,2.62,Mock historical signal: long BTC
18,ColdBloodShill,BTC,short,0.77,2026-01-15 07:07:40.869305,correct,84046.98870238732,82659.63609942801,-1.65,Mock historical signal: short BTC
29,TheCryptoDog,BTC,long,0.868,2026-01-15 03:19:36.915341,incorrect,85333.80496853396,82380.33915849289,-3.46,Mock historical signal: long BTC
13,inversebrah,ETH,long,0.931,2026-01-14 23:44:10.265757,correct,3364.339861072346,3414.418311856726,1.49,Mock historical signal: long ETH
96,100trillionUSD,BTC,short,0.855,2026-01-14 22:39:39.971605,correct,86206.89004331148,84526.97437444927,-1.95,Mock historical signal: short BTC
146,CryptoGodJohn,ETH,long,0.744,2026-01-14 18:15:28.275244,correct,2974.713339983375,3066.566051144456,3.09,Mock historical signal: long ETH
110,CryptoWizardd,BTC,short,0.722,2026-01-14 18:02:01.411553,correct,83438.84216436402,79976.38001954011,-4.15,Mock historical signal: short BTC
99,AltcoinPsycho,ETH,short,0.916,2026-01-14 11:11:42.350213,incorrect,3286.4078901029143,3347.4969698340683,1.86,Mock historical signal: short ETH
82,CryptoCapo_,BTC,long,0.989,2026-01-14 07:44:20.220854,correct,86350.44457522858,90043.19177111503,4.28,Mock historical signal: long BTC
88,CryptoGodJohn,BTC,short,0.77,2026-01-14 06:52:21.757906,correct,87417.37330962713,83139.07641314362,-4.89,Mock historical signal: short BTC
143,CryptoCapo_,BTC,short,0.837,2026-01-14 00:10:37.859234,incorrect,84462.82394905708,87017.1200948621,3.02,Mock historical signal: short BTC
90,AltcoinPsycho,BTC,long,0.796,2026-01-13 15:50:10.751880,incorrect,87871.6316334898,84852.67812975393,-3.44,Mock historical signal: long BTC
115,TheCryptoDog,BTC,short,0.707,2026-01-12 23:00:55.811620,correct,89134.3434381535,88640.82078934408,-0.55,Mock historical signal: short BTC
94,100trillionUSD,ETH,long,0.985,2026-01-12 22:14:09.887395,incorrect,2890.120835331856,2874.344282794375,-0.55,Mock historical signal: long ETH
125,CryptoCred,BTC,long,0.93,2026-01-12 20:50:49.964910,correct,80223.64640855083,82675.71455123082,3.06,Mock historical signal: long BTC
3,CryptoKaleo,ETH,short,0.816,2026-01-12 17:34:53.535536,correct,3460.8609954075573,3417.403955308641,-1.26,Mock historical signal: short ETH
43,TheCryptoDog,BTC,short,0.867,2026-01-12 15:33:24.925599,correct,86684.9594767077,85698.7508017998,-1.14,Mock historical signal: short BTC
133,CryptoKaleo,BTC,short,0.972,2026-01-12 04:46:38.753650,correct,85147.35407237739,83151.53897890072,-2.34,Mock historical signal: short BTC
22,CryptoWizardd,BTC,long,0.929,2026-01-11 18:55:40.625339,incorrect,84274.35419973412,81586.06130498645,-3.19,Mock historical signal: long BTC
127,CryptoCapo_,BTC,long,0.905,2026-01-11 18:37:27.314712,incorrect,88740.0092376514,87146.43465899606,-1.8,Mock historical signal: long BTC
4,CryptoGodJohn,BTC,short,0.875,2026-01-11 12:21:56.186156,incorrect,87339.71157685661,91609.25383499044,4.89,Mock historical signal: short BTC
83,CryptoWizardd,ETH,short,0.711,2026-01-11 12:16:49.496972,correct,2984.178968857671,2933.3406474355256,-1.7,Mock historical signal: short ETH
58,CryptoGodJohn,BTC,short,0.984,2026-01-11 08:51:18.840181,incorrect,80828.93654040195,84705.33905259192,4.8,Mock historical signal: short BTC
77,inversebrah,ETH,long,0.722,2026-01-11 07:40:48.803759,correct,2742.8754901943657,2801.5276151652847,2.14,Mock historical signal: long ETH
95,100trillionUSD,ETH,short,0.709,2026-01-11 04:14:58.853538,incorrect,2529.745787462502,2564.5397598687346,1.38,Mock historical signal: short ETH
84,CryptoCred,ETH,long,0.909,2026-01-11 02:14:06.682539,correct,2594.0542147180754,2707.1301145618677,4.36,Mock historical signal: long ETH
46,CryptoKaleo,ETH,long,0.765,2026-01-10 10:10:53.874040,incorrect,2866.83099964978,2784.3609481601816,-2.88,Mock historical signal: long ETH
106,AltcoinPsycho,BTC,short,0.784,2026-01-10 04:37:00.029951,correct,89402.1433342653,87989.79333897366,-1.58,Mock historical signal: short BTC
51,inversebrah,ETH,short,0.908,2026-01-10 02:10:59.740695,correct,2764.87026749776,2724.8990650935957,-1.45,Mock historical signal: short ETH
130,inversebrah,BTC,long,0.836,2026-01-10 01:45:37.615985,correct,85542.13923260382,88599.74100582319,3.57,Mock historical signal: long BTC
70,inversebrah,BTC,long,0.73,2026-01-09 12:24:01.519888,correct,85837.26676228303,89156.90476612559,3.87,Mock historical signal: long BTC
23,TheCryptoDog,ETH,short,0.94,2026-01-09 10:22:58.524013,correct,2565.7490097826876,2549.072975874137,-0.65,Mock historical signal: short ETH
71,AltcoinPsycho,ETH,long,0.701,2026-01-09 09:29:17.825090,incorrect,3058.018076307078,2967.953601936096,-2.95,Mock historical signal: long ETH
89,CryptoWizardd,BTC,long,0.851,2026-01-09 06:11:54.362764,incorrect,87902.09900732571,84739.5636136887,-3.6,Mock historical signal: long BTC
100,CryptoCred,ETH,short,0.851,2026-01-09 03:56:29.317642,correct,2906.1431814590137,2796.5893346484613,-3.77,Mock historical signal: short ETH
91,CryptoWizardd,ETH,short,0.738,2026-01-09 01:37:53.981964,correct,2808.654158795678,2703.800565161082,-3.73,Mock historical signal: short ETH
66,CryptoKaleo,BTC,short,0.881,2026-01-08 13:15:03.913699,incorrect,83087.89936222715,86042.07582087214,3.56,Mock historical signal: short BTC
49,AltcoinPsycho,ETH,short,0.864,2026-01-08 12:13:48.837394,incorrect,3165.677656752103,3258.454584241812,2.93,Mock historical signal: short ETH
148,AltcoinPsycho,ETH,short,0.762,2026-01-08 07:34:55.883110,incorrect,3384.4215801529226,3441.955983719701,1.7,Mock historical signal: short ETH
134,CryptoCapo_,BTC,long,0.957,2026-01-08 04:07:44.169045,correct,81203.63411767305,84429.4410305186,3.97,Mock historical signal: long BTC
149,100trillionUSD,BTC,long,0.887,2026-01-07 22:16:14.025411,correct,83735.3445701227,84999.5173646583,1.51,Mock historical signal: long BTC
102,CryptoWizardd,ETH,short,0.782,2026-01-07 21:44:50.609499,correct,3042.594871499684,2901.6771548593724,-4.63,Mock historical signal: short ETH
107,CryptoWizardd,ETH,long,0.917,2026-01-07 21:15:01.136805,incorrect,2751.90098120453,2673.941945535396,-2.83,Mock historical signal: long ETH
139,CryptoWizardd,BTC,short,0.729,2026-01-07 20:30:13.842116,incorrect,81807.75301651834,82685.15791116464,1.07,Mock historical signal: short BTC
39,100trillionUSD,BTC,short,0.724,2026-01-07 16:30:14.484854,correct,82192.39528540608,80183.63773380223,-2.44,Mock historical signal: short BTC
75,ColdBloodShill,ETH,long,0.77,2026-01-07 10:41:55.142445,incorrect,3322.631915924383,3256.615682012295,-1.99,Mock historical signal: long ETH
36,CryptoCapo_,BTC,long,0.981,2026-01-07 04:54:07.250213,correct,80011.13610402522,82304.75592518042,2.87,Mock historical signal: long BTC
142,AltcoinPsycho,ETH,short,0.852,2026-01-06 16:21:30.103444,incorrect,3166.0478319636095,3229.3107862615802,2.0,Mock historical signal: short ETH
108,CryptoCred,BTC,long,0.99,2026-01-06 14:55:52.433145,correct,87755.03107763719,88315.18758528201,0.64,Mock historical signal: long BTC
26,CryptoCred,ETH,short,0.999,2026-01-06 12:57:00.705605,correct,2556.48828187227,2471.964936647351,-3.31,Mock historical signal: short ETH
38,AltcoinPsycho,ETH,long,0.946,2026-01-06 12:16:25.258587,incorrect,2613.1228330559966,2563.7425972588844,-1.89,Mock historical signal: long ETH
8,CryptoKaleo,BTC,short,0.762,2026-01-06 10:30:32.906579,incorrect,84346.05500753889,87375.02910178181,3.59,Mock historical signal: short BTC
121,CryptoWizardd,ETH,long,0.753,2026-01-06 03:29:45.198900,incorrect,2775.298228052191,2727.3787089736084,-1.73,Mock historical signal: long ETH
92,100trillionUSD,ETH,long,0.966,2026-01-06 02:03:05.178821,correct,3119.2201218955756,3191.228065283946,2.31,Mock historical signal: long ETH
34,AltcoinPsycho,ETH,long,0.898,2026-01-05 21:13:35.362094,correct,3108.3487963683315,3128.50733251767,0.65,Mock historical signal: long ETH
116,CryptoKaleo,BTC,short,0.801,2026-01-05 12:41:35.721565,correct,89123.10498486468,88589.17082067912,-0.6,Mock historical signal: short BTC
141,TheCryptoDog,BTC,short,0.827,2026-01-05 11:45:18.940545,correct,80559.56808274132,77119.2128541705,-4.27,Mock historical signal: short BTC
113,TheCryptoDog,ETH,short,0.989,2026-01-05 09:38:44.056516,correct,2943.0581631929535,2924.5640738580196,-0.63,Mock historical signal: short ETH
6,ColdBloodShill,ETH,long,0.701,2026-01-05 00:58:25.443051,correct,3296.4563616123974,3410.8017227414725,3.47,Mock historical signal: long ETH
138,inversebrah,BTC,long,0.842,2026-01-04 19:44:06.567012,correct,86612.9685541836,87575.06523894897,1.11,Mock historical signal: long BTC
119,CryptoWizardd,BTC,long,0.878,2026-01-04 17:20:42.261605,incorrect,85289.84153231417,82874.97617769669,-2.83,Mock historical signal: long BTC
73,CryptoKaleo,ETH,short,0.929,2026-01-04 08:53:58.548205,incorrect,2837.733153272279,2877.0281200171253,1.38,Mock historical signal: short ETH
72,TheCryptoDog,BTC,short,0.811,2026-01-04 03:18:59.821005,incorrect,83760.7525503381,84716.71382957965,1.14,Mock historical signal: short BTC
2,TheCryptoDog,ETH,short,0.749,2026-01-03 12:41:02.309257,incorrect,2826.8781802198887,2928.3973963330577,3.59,Mock historical signal: short ETH
33,AltcoinPsycho,ETH,long,0.894,2026-01-03 11:25:15.242327,incorrect,3086.5345107911467,2995.1328197238327,-2.96,Mock historical signal: long ETH
117,CryptoGodJohn,BTC,long,0.97,2026-01-03 09:58:17.197278,incorrect,85495.48197187239,83468.4102027394,-2.37,Mock historical signal: long BTC
61,ColdBloodShill,BTC,long,0.837,2026-01-03 00:27:07.399550,correct,82773.62262568246,84712.03273461822,2.34,Mock historical signal: long BTC
50,AltcoinPsycho,ETH,short,0.702,2026-01-02 17:03:21.579713,correct,3029.824187695266,3004.936245323818,-0.82,Mock historical signal: short ETH
37,100trillionUSD,ETH,long,0.963,2026-01-02 16:45:50.779913,correct,3042.755246853403,3088.854491196458,1.52,Mock historical signal: long ETH
7,TheCryptoDog,BTC,long,0.936,2026-01-02 12:42:15.735676,incorrect,85031.416980256,82003.13132573868,-3.56,Mock historical signal: long BTC
101,AltcoinPsycho,ETH,short,0.839,2026-01-02 11:35:16.005766,incorrect,3436.1289696143854,3470.9053295304225,1.01,Mock historical signal: short ETH
64,AltcoinPsycho,ETH,short,0.916,2026-01-02 09:35:56.150965,correct,3482.1599127636764,3426.668018467307,-1.59,Mock historical signal: short ETH
98,CryptoCred,ETH,short,0.995,2026-01-02 07:58:26.790828,correct,3415.7111868824622,3384.2220164853134,-0.92,Mock historical signal: short ETH
87,ColdBloodShill,BTC,short,0.906,2026-01-02 05:12:29.703543,incorrect,85815.01673642431,88080.75059954867,2.64,Mock historical signal: short BTC
147,TheCryptoDog,BTC,long,0.793,2026-01-01 17:34:27.939098,incorrect,88444.66808292459,86397.38348643207,-2.31,Mock historical signal: long BTC
60,AltcoinPsycho,ETH,long,0.767,2026-01-01 08:57:39.302713,incorrect,3095.9456862074107,2942.0496538437005,-4.97,Mock historical signal: long ETH
150,CryptoKaleo,ETH,long,0.815,2026-01-01 07:46:28.682850,incorrect,3397.3568448911146,3271.7071224790643,-3.7,Mock historical signal: long ETH
137,100trillionUSD,BTC,long,0.836,2026-01-01 05:42:29.025747,correct,80825.40785660142,83096.08007095421,2.81,Mock historical signal: long BTC
40,CryptoCred,BTC,long,0.937,2026-01-01 05:13:06.746345,correct,82575.9742930766,83854.16409209865,1.55,Mock historical signal: long BTC
14,CryptoGodJohn,BTC,long,0.782,2026-01-01 00:50:48.966761,incorrect,88673.796944338,87056.5027888497,-1.82,Mock historical signal: long BTC
131,CryptoCapo_,ETH,short,0.882,2025-12-31 14:53:00.285154,incorrect,2839.440668855585,2947.911027833237,3.82,Mock historical signal: short ETH
76,ColdBloodShill,ETH,short,0.979,2025-12-30 16:58:48.887823,correct,2728.3912840300272,2663.6494117366974,-2.37,Mock historical signal: short ETH
81,CryptoCapo_,BTC,long,0.769,2025-12-30 12:20:20.710968,correct,81214.44166778406,84115.58570740905,3.57,Mock historical signal: long BTC
79,TheCryptoDog,BTC,short,0.792,2025-12-30 08:24:28.521084,incorrect,80169.52261527223,82920.60400489396,3.43,Mock historical signal: short BTC
126,CryptoKaleo,ETH,short,0.805,2025-12-30 02:16:17.355508,incorrect,3430.962789164033,3581.6485250857295,4.39,Mock historical signal: short ETH
97,CryptoCapo_,BTC,long,0.85,2025-12-29 08:32:17.031504,incorrect,89953.13613411943,87297.6459317601,-2.95,Mock historical signal: long BTC
65,CryptoCapo_,BTC,short,0.855,2025-12-29 00:04:22.896785,incorrect,83375.35096292236,84089.78960757518,0.86,Mock historical signal: short BTC
145,ColdBloodShill,BTC,long,0.78,2025-12-28 20:40:44.895502,incorrect,81948.16534975372,80358.3271519555,-1.94,Mock historical signal: long BTC
80,TheCryptoDog,BTC,long,0.972,2025-12-28 19:25:49.438214,incorrect,81662.89394212219,79606.12501199747,-2.52,Mock historical signal: long BTC
135,CryptoKaleo,BTC,short,0.701,2025-12-28 18:25:50.890749,correct,82897.02282809833,79926.44167303972,-3.58,Mock historical signal: short BTC
25,CryptoWizardd,BTC,short,0.735,2025-12-28 18:20:12.802525,incorrect,81941.12900500439,85587.61320433085,4.45,Mock historical signal: short BTC
15,CryptoWizardd,ETH,short,0.983,2025-12-28 14:56:48.049612,incorrect,2693.1184274713287,2823.9252836776654,4.86,Mock historical signal: short ETH
16,CryptoCapo_,ETH,short,0.788,2025-12-28 06:26:48.960481,correct,2934.7686760839683,2878.905645825631,-1.9,Mock historical signal: short ETH
12,ColdBloodShill,ETH,long,0.968,2025-12-27 17:30:28.059514,correct,2778.132559047374,2846.6437959714403,2.47,Mock historical signal: long ETH
111,TheCryptoDog,ETH,long,0.703,2025-12-27 17:20:30.483537,incorrect,3301.999038291308,3266.8269163295145,-1.07,Mock historical signal: long ETH
30,CryptoCred,ETH,short,0.978,2025-12-27 17:07:30.412601,incorrect,3309.4642842693747,3342.710382310936,1.0,Mock historical signal: short ETH
85,ColdBloodShill,BTC,long,0.875,2025-12-27 11:25:10.171776,incorrect,88978.15840367017,85883.88683637818,-3.48,Mock historical signal: long BTC
9,CryptoKaleo,BTC,short,0.943,2025-12-26 13:49:53.115149,correct,84880.40818827093,83959.60701002469,-1.08,Mock historical signal: short BTC
109,CryptoKaleo,BTC,long,0.873,2025-12-26 06:56:33.601626,incorrect,85673.73644370821,83819.7790850233,-2.16,Mock historical signal: long BTC
35,CryptoCred,ETH,long,0.975,2025-12-26 03:18:47.466283,correct,3437.2418677941564,3596.328875201327,4.63,Mock historical signal: long ETH
44,CryptoCred,BTC,short,0.813,2025-12-26 00:19:03.552287,correct,82867.42619140926,79699.53683544732,-3.82,Mock historical signal: short BTC
55,100trillionUSD,ETH,short,0.991,2025-12-26 00:05:51.261090,correct,3035.017410900047,3001.2987035805895,-1.11,Mock historical signal: short ETH
105,inversebrah,ETH,long,0.792,2025-12-25 20:06:10.046187,incorrect,3141.39071498066,3078.9239967171306,-1.99,Mock historical signal: long ETH
86,CryptoWizardd,BTC,long,0.865,2025-12-25 17:34:52.015913,incorrect,87487.00956767557,87000.92200935615,-0.56,Mock historical signal: long BTC
27,inversebrah,BTC,long,0.933,2025-12-25 14:24:14.008767,correct,84061.184750425,86948.54595265703,3.43,Mock historical signal: long BTC
45,TheCryptoDog,BTC,short,0.765,2025-12-25 10:20:35.470658,incorrect,88616.45432402278,91227.45206183537,2.95,Mock historical signal: short BTC
128,CryptoKaleo,BTC,short,0.833,2025-12-25 05:36:53.517411,correct,88600.76976207654,86896.99352570527,-1.92,Mock historical signal: short BTC
5,AltcoinPsycho,ETH,short,0.908,2025-12-25 05:11:19.266063,correct,2953.1326613781384,2842.1407519445247,-3.76,Mock historical signal: short ETH
132,CryptoWizardd,ETH,short,0.867,2025-12-25 00:25:12.922340,correct,2527.547464099925,2460.9352678272444,-2.64,Mock historical signal: short ETH
54,TheCryptoDog,ETH,long,0.938,2025-12-24 23:08:23.741573,incorrect,2790.6810105902605,2697.188371670358,-3.35,Mock historical signal: long ETH
104,TheCryptoDog,BTC,long,0.9,2025-12-24 16:40:09.808438,incorrect,80078.97045043102,78743.42994562701,-1.67,Mock historical signal: long BTC
69,CryptoWizardd,ETH,long,0.75,2025-12-24 13:53:35.018074,incorrect,2737.5165742815325,2627.1870706640016,-4.03,Mock historical signal: long ETH
124,100trillionUSD,BTC,long,0.732,2025-12-24 06:01:16.234049,correct,88240.36479026824,91214.74875529097,3.37,Mock historical signal: long BTC
57,CryptoGodJohn,BTC,long,0.751,2025-12-23 19:24:44.665410,incorrect,87580.8646618021,83738.84995918149,-4.39,Mock historical signal: long BTC
48,ColdBloodShill,ETH,short,0.707,2025-12-23 18:24:07.465489,incorrect,3333.8626794887487,3386.02473747155,1.56,Mock historical signal: short ETH
56,CryptoWizardd,ETH,long,0.99,2025-12-23 15:51:21.158458,incorrect,2778.422140734327,2681.7248566637127,-3.48,Mock historical signal: long ETH
114,CryptoCapo_,BTC,short,0.757,2025-12-23 08:57:49.151126,correct,88262.51162926451,86946.5503656508,-1.49,Mock historical signal: short BTC
20,CryptoWizardd,BTC,short,0.91,2025-12-23 07:08:42.564923,correct,85567.2331555593,83502.84588973393,-2.41,Mock historical signal: short BTC
118,CryptoWizardd,BTC,short,0.858,2025-12-23 05:54:53.120797,correct,89467.74880523732,86509.07325365486,-3.31,Mock historical signal: short BTC
144,CryptoWizardd,BTC,long,0.89,2025-12-23 04:12:15.788774,incorrect,89021.68168828767,86224.16113307718,-3.14,Mock historical signal: long BTC
17,inversebrah,BTC,long,0.761,2025-12-22 23:30:13.746513,incorrect,80089.91394517939,76587.51340699516,-4.37,Mock historical signal: long BTC
24,CryptoKaleo,ETH,short,0.709,2025-12-22 17:50:31.591522,incorrect,3284.5645797345333,3438.538126609141,4.69,Mock historical signal: short ETH
