{
  "period_days": 90,
  "generated_at": "2026-01-21T12:16:59.594138",
  "creators": {
    "total_tracked": 10,
    "ranked": 10
  },
  "signals": {
    "total": 158,
    "evaluated": 150,
    "pending": 8,
    "correct": 72,
    "accuracy": 0.48
  },
  "by_asset": {
    "BTC": 83,
    "ETH": 75
  },
  "top_performers": [
    {
      "username": "CryptoCred",
      "rating": 1757.5,
      "accuracy": 84.6
    },
    {
      "username": "100trillionUSD",
      "rating": 1684.5,
      "accuracy": 75.0
    },
    {
      "username": "inversebrah",
      "rating": 1599.7,
      "accuracy": 63.6
    },
    {
      "username": "CryptoCapo_",
      "rating": 1528.6,
      "accuracy": 53.8
    },
    {
      "username": "CryptoKaleo",
      "rating": 1500.0,
      "accuracy": 50.0
    }
  ]
}